PMID,Title,Authors,Citation,First Author,Journal/Book,Publication Year,Create Date,PMCID,NIHMS ID,DOI
"39889711","Neoadjuvant immunotherapy with or without chemotherapy in locally advanced oral squamous cell carcinoma: Randomized, two-arm, phase 2 trial","Liu HM, Xiong XP, Yu ZL, Shao Z, Chen GL, Liu YT, Wang XX, Fu QY, Cheng XX, Li J, Zhang JL, Li B, Gong HY, Zhong YH, Zhang W, Jia J, Liu B, Chen G.","Cell Rep Med. 2025 Feb 18;6(2):101930. doi: 10.1016/j.xcrm.2025.101930. Epub 2025 Jan 30.","Liu HM","Cell Rep Med","2025","2025/01/31","PMC11866509","","10.1016/j.xcrm.2025.101930"
"39274493","Oral Lichen Planus: A Narrative Review Navigating Etiologies, Clinical Manifestations, Diagnostics, and Therapeutic Approaches","Nukaly HY, Halawani IR, Alghamdi SMS, Alruwaili AG, Binhezaim A, Algahamdi RAA, Alzahrani RAJ, Alharamlah FSS, Aldumkh SHS, Alasqah HMA, Alamri A, Jfri A.","J Clin Med. 2024 Sep 5;13(17):5280. doi: 10.3390/jcm13175280.","Nukaly HY","J Clin Med","2024","2024/09/14","PMC11396719","","10.3390/jcm13175280"
"32852531","Neoadjuvant Nivolumab or Nivolumab Plus Ipilimumab in Untreated Oral Cavity Squamous Cell Carcinoma: A Phase 2 Open-Label Randomized Clinical Trial","Schoenfeld JD, Hanna GJ, Jo VY, Rawal B, Chen YH, Catalano PS, Lako A, Ciantra Z, Weirather JL, Criscitiello S, Luoma A, Chau N, Lorch J, Kass JI, Annino D, Goguen L, Desai A, Ross B, Shah HJ, Jacene HA, Margalit DN, Tishler RB, Wucherpfennig KW, Rodig SJ, Uppaluri R, Haddad RI.","JAMA Oncol. 2020 Oct 1;6(10):1563-1570. doi: 10.1001/jamaoncol.2020.2955.","Schoenfeld JD","JAMA Oncol","2020","2020/08/28","PMC7453348","","10.1001/jamaoncol.2020.2955"
"40107247","Immune-featured stromal niches associate with response to neoadjuvant immunotherapy in oral squamous cell carcinoma","Liu YT, Liu HM, Ren JG, Zhang W, Wang XX, Yu ZL, Fu QY, Xiong XP, Jia J, Liu B, Chen G.","Cell Rep Med. 2025 Mar 18;6(3):102024. doi: 10.1016/j.xcrm.2025.102024.","Liu YT","Cell Rep Med","2025","2025/03/19","PMC11970382","","10.1016/j.xcrm.2025.102024"
"40295492","Efficacy, safety and single-cell analysis of neoadjuvant immunochemotherapy in locally advanced oral squamous cell carcinoma: a phase II trial","Xiang Z, Wei X, Zhang Z, Tang Y, Chen L, Tan C, Zeng Y, Wang J, Zhao G, Dai Z, He M, Xu N, Li C, Li Y, Liu L.","Nat Commun. 2025 Apr 28;16(1):3968. doi: 10.1038/s41467-025-59004-w.","Xiang Z","Nat Commun","2025","2025/04/28","PMC12037888","","10.1038/s41467-025-59004-w"
"32183719","Immunological effects of nivolumab immunotherapy in patients with oral cavity squamous cell carcinoma","Xiong Y, Neskey DM, Horton JD, Paulos CM, Knochelmann HM, Armeson KE, Young MRI.","BMC Cancer. 2020 Mar 17;20(1):229. doi: 10.1186/s12885-020-06726-3.","Xiong Y","BMC Cancer","2020","2020/03/19","PMC7076935","","10.1186/s12885-020-06726-3"
"41075361","Neoadjuvant chemotherapy combined with anti-PD-1 monoclonal antibody in locally advanced resectable oral squamous cell carcinoma: efficacy evaluation and prediction","He X, Xu Y, Ren Y, Wang J, Ni Y, Zheng Y, Wang Y, Ding X, Li Y, Zhu H.","Oral Oncol. 2025 Nov;170:107744. doi: 10.1016/j.oraloncology.2025.107744. Epub 2025 Oct 10.","He X","Oral Oncol","2025","2025/10/11","","","10.1016/j.oraloncology.2025.107744"
"40548990","Predictive value of [(68)Ga]Ga-FAPI-04 PET/CT on pathologic response to neoadjuvant chemoimmunotherapy for locally advanced resectable oral squamous cell carcinoma","Jiang Y, Yu Z, Sun Y, Tian Y, Wang L, Xing D, Huang Y, He Y, Jia J.","Eur J Nucl Med Mol Imaging. 2025 Dec;53(1):283-294. doi: 10.1007/s00259-025-07414-9. Epub 2025 Jun 23.","Jiang Y","Eur J Nucl Med Mol Imaging","2025","2025/06/23","","","10.1007/s00259-025-07414-9"
"39931064","Pilot clinical trial of neoadjuvant toll-like receptor 7 agonist (Imiquimod) immunotherapy in early-stage oral squamous cell carcinoma","Yoon AJ, Carvajal RD, Graboyes EM, Kaczmar JM, Albergotti WG, Kejner AE, Troob SH, Philipone E, Anoma JS, Armeson KE, Hill EG, Richardson MS, Woods TR, Chera BS, Nourollah-Zadeh F, Lee BJ, Pandruvada S, Kourtidis A, Kingsley C, O'Quinn EC, Mills S, Jordan VC, Spencer M, Fails D, McKee TD, Zaidi M, Brisendine A, Horn S, Mehrotra S, Ogretmen B, Newman JG.","Front Immunol. 2025 Jan 27;16:1530262. doi: 10.3389/fimmu.2025.1530262. eCollection 2025.","Yoon AJ","Front Immunol","2025","2025/02/11","PMC11807971","","10.3389/fimmu.2025.1530262"
"31758641","Effects of flavonoids on tongue squamous cell carcinoma","Gutiérrez-Venegas G, Sánchez-Carballido MA, Delmas Suárez C, Gómez-Mora JA, Bonneau N.","Cell Biol Int. 2020 Mar;44(3):686-720. doi: 10.1002/cbin.11266. Epub 2019 Dec 4.","Gutiérrez-Venegas G","Cell Biol Int","2020","2019/11/24","","","10.1002/cbin.11266"
"32985680","Tumour-associated tissue eosinophilia (TATE) in oral squamous cell carcinoma: a comprehensive review","Mascitti M, Togni L, Rubini C, Troiano G, Lo Muzio L, Santarelli A.","Histol Histopathol. 2021 Feb;36(2):113-122. doi: 10.14670/HH-18-250. Epub 2020 Sep 28.","Mascitti M","Histol Histopathol","2021","2020/09/28","","","10.14670/HH-18-250"
"32372215","Effect of melatonin supplementation in combination with neoadjuvant chemotherapy to miR-210 and CD44 expression and clinical response improvement in locally advanced oral squamous cell carcinoma: a randomized controlled trial","Kartini D, Taher A, Panigoro SS, Setiabudy R, Jusman SW, Haryana SM, Abdullah M, Rustamadji P, Purwanto DJ, Sutandyo N, Suroyo I, Siregar BH, Maruli H, Sungkar S.","J Egypt Natl Canc Inst. 2020 Feb 28;32(1):12. doi: 10.1186/s43046-020-0021-0.","Kartini D","J Egypt Natl Canc Inst","2020","2020/05/07","PMC13317087","","10.1186/s43046-020-0021-0"
"39101654","Salivary Microbiome Relates to Neoadjuvant Immunotherapy Response in OSCC","Wang XX, Liu YT, Ren JG, Liu HM, Fu Q, Yang Y, Fu QY, Chen G.","J Dent Res. 2024 Sep;103(10):988-998. doi: 10.1177/00220345241262759. Epub 2024 Aug 5.","Wang XX","J Dent Res","2024","2024/08/05","","","10.1177/00220345241262759"
"33608307","Salivary CCL20 Level as a Biomarker for Oral Squamous Cell Carcinoma","Ueda S, Goto M, Hashimoto K, Hasegawa S, Imazawa M, Takahashi M, Oh-Iwa I, Shimozato K, Nagao T, Nomoto S.","Cancer Genomics Proteomics. 2021 Mar-Apr;18(2):103-112. doi: 10.21873/cgp.20245.","Ueda S","Cancer Genomics Proteomics","2021","2021/02/20","PMC7943213","","10.21873/cgp.20245"
"32738599","Tumor infiltrating lymphocytes after neoadjuvant IRX-2 immunotherapy in oral squamous cell carcinoma: Interim findings from the INSPIRE trial","Wolf GT, Liu S, Bellile E, Sartor M, Rozek L, Thomas D, Nguyen A, Zarins K, McHugh JB; INSPIRE Trial Clinical Investigators.","Oral Oncol. 2020 Dec;111:104928. doi: 10.1016/j.oraloncology.2020.104928. Epub 2020 Jul 29.","Wolf GT","Oral Oncol","2020","2020/08/02","","","10.1016/j.oraloncology.2020.104928"
"33325655","Prognostic significance of the preoperative systemic immune-inflammation index in patients with oral cavity squamous cell carcinoma treated with curative surgery and adjuvant therapy","Hung SP, Chen PR, Ho TY, Chang KP, Chou WC, Lee CH, Wu YY, Chen PJ, Lin CH, Chou YC, Fan KH, Lin CY, Huang BS, Tung-Chieh Chang J, Wang CC, Tsang NM.","Cancer Med. 2021 Jan;10(2):649-658. doi: 10.1002/cam4.3650. Epub 2020 Dec 16.","Hung SP","Cancer Med","2021","2020/12/16","PMC7877364","","10.1002/cam4.3650"
"40717584","Neoadjuvant immunochemotherapy with adebrelimab combined with the TP regimen for locally advanced OSCC: early results of a single-arm phase II clinical trial","He Y, Wang Y, Guo J, Kang Z, Wen Z, Cai Y, Fang S, Li W, Zhuang X, Huang Z, Wang Y, Huang Z.","Int J Surg. 2025 Nov 1;111(11):8015-8026. doi: 10.1097/JS9.0000000000003023. Epub 2025 Jul 15.","He Y","Int J Surg","2025","2025/07/28","PMC12626613","","10.1097/JS9.0000000000003023"
"37904749","Aging and oral squamous cell carcinoma development: the role of cellular senescence","Niklander SE, Aránguiz P, Faunes F, Martínez-Flores R.","Front Oral Health. 2023 Oct 12;4:1285276. doi: 10.3389/froh.2023.1285276. eCollection 2023.","Niklander SE","Front Oral Health","2023","2023/10/31","PMC10613501","","10.3389/froh.2023.1285276"
"40681758","Effects of Maackia amurensis seed lectin (MASL) on OSCC cell morphology, PDPN expression, growth, and motility in a phase 1 clinical trial","Yin AC, Holdcraft CJ, Helmig TJ, Brace EJ, Suster DI, Shienbaum AJ, Roden D, Kalyoussef E, Mir G, Capitle E, Baredes S, Shanti RM, Kaneko MK, Kato Y, Kobayashi H, Furusawa A, Fatahzadeh M, Goldberg GS.","J Cancer Res Clin Oncol. 2025 Jul 19;151(7):218. doi: 10.1007/s00432-025-06265-z.","Yin AC","J Cancer Res Clin Oncol","2025","2025/07/18","PMC12274232","","10.1007/s00432-025-06265-z"
"39185914","Metabolic and Aging Influence on Anticancer Immunity in Oral Cancer","Santos TPMD, Hicks WL Jr, Magner WJ, Al Afif A, Kirkwood KL.","J Dent Res. 2024 Sep;103(10):953-961. doi: 10.1177/00220345241264728. Epub 2024 Aug 26.","Santos TPMD","J Dent Res","2024","2024/08/26","","","10.1177/00220345241264728"
"42709195","Neoadjuvant combined immunotherapy with intratumoral TransCon TLR7/8 Agonist and systemic TransCon IL-2 β/y or pembrolizumab in patients with locally advanced oral cancer-a monocentric experience","Weber M, Trumet L, Lange F, Murk J, Schubert P, Alsamra H, Backhaus J, Corradini S, Kesting M, Müller S, Morris J, Haderlein M.","Cancer Immunol Immunother. 2026 Sep 4;75(10):220. doi: 10.1007/s00262-026-04515-8.","Weber M","Cancer Immunol Immunother","2026","2026/09/08","PMC13554004","","10.1007/s00262-026-04515-8"
"39421447","Oral cancer in young adults: incidence, risk factors, prognosis, and molecular biomarkers","Lenoci D, Moresco E, Cavalieri S, Bergamini C, Torchia E, Botta L, Canevari S, Trama A, Licitra L, De Cecco L.","Front Oncol. 2024 Sep 20;14:1452909. doi: 10.3389/fonc.2024.1452909. eCollection 2024.","Lenoci D","Front Oncol","2024","2024/10/18","PMC11484398","","10.3389/fonc.2024.1452909"
"39949672","Immunomodulatory effects of Triphala and its constituents in oral squamous cell carcinoma and oral precancer","Dineshkumar T, Anandan N, Rajkumar K, Nandhakumar I.","J Oral Maxillofac Pathol. 2024 Oct-Dec;28(4):657-664. doi: 10.4103/jomfp.jomfp_53_24. Epub 2024 Dec 31.","Dineshkumar T","J Oral Maxillofac Pathol","2024","2025/02/14","PMC11819626","","10.4103/jomfp.jomfp_53_24"
"42537452","A novel neoadjuvant immunotherapy confers improved overall survival in oral cancer patients with low tumor PD-L1 expression The IT-MATTERS Clinical trial - Prognostic role of tumor PD-L1 expression","Talor E, Lavin P, Cipriano J, Markovic D, Ladányi A, Tímár J; IT-MATTERS Investigators.","Oral Oncol. 2026 Oct;181:108092. doi: 10.1016/j.oraloncology.2026.108092. Epub 2026 Jul 31.","Talor E","Oral Oncol","2026","2026/07/31","","","10.1016/j.oraloncology.2026.108092"
"32117203","Guanylate-Binding Protein 1: An Emerging Target in Inflammation and Cancer","Honkala AT, Tailor D, Malhotra SV.","Front Immunol. 2020 Jan 24;10:3139. doi: 10.3389/fimmu.2019.03139. eCollection 2019.","Honkala AT","Front Immunol","2020","2020/03/03","PMC7025589","","10.3389/fimmu.2019.03139"
"41682645","Prognostic Role of Worst Pattern of Invasion in Oral Squamous Cell Carcinoma","Togni L, Mascitti M, Staffinati PMA, Consorti G, Isola G, Russo LL, Santarelli A.","J Clin Med. 2026 Jan 25;15(3):965. doi: 10.3390/jcm15030965.","Togni L","J Clin Med","2026","2026/02/13","PMC12898667","","10.3390/jcm15030965"
"40504271","Oral squamous cell carcinoma: Insights into cellular heterogeneity, drug resistance, and evolutionary trajectories","Zhou Y, Wang L, Liu M, Jiang H, Wu Y.","Cell Biol Toxicol. 2025 Jun 12;41(1):101. doi: 10.1007/s10565-025-10048-0.","Zhou Y","Cell Biol Toxicol","2025","2025/06/12","PMC12162747","","10.1007/s10565-025-10048-0"
"35892830","The Emerging Impact of Tumor Budding in Oral Squamous Cell Carcinoma: Main Issues and Clinical Relevance of a New Prognostic Marker","Togni L, Caponio VCA, Zerman N, Troiano G, Zhurakivska K, Lo Muzio L, Balercia A, Mascitti M, Santarelli A.","Cancers (Basel). 2022 Jul 22;14(15):3571. doi: 10.3390/cancers14153571.","Togni L","Cancers (Basel)","2022","2022/07/27","PMC9332070","","10.3390/cancers14153571"
"40558105","Circulating Antibodies Against DSG1 and DSG3 in Patients with Oral Lichen Planus: A Scoping Review","De Falco D, Iaquinta F, Pedone D, Lucchese A, Di Stasio D, Petruzzi M.","Antibodies (Basel). 2025 Jun 18;14(2):51. doi: 10.3390/antib14020051.","De Falco D","Antibodies (Basel)","2025","2025/06/25","PMC12189673","","10.3390/antib14020051"
"40427517","The Role of Klotho in Oral and Maxillofacial Diseases: Mechanisms and Research Progress","Lin S, Wang B, Li J.","Biomolecules. 2025 Apr 27;15(5):624. doi: 10.3390/biom15050624.","Lin S","Biomolecules","2025","2025/05/28","PMC12108984","","10.3390/biom15050624"
"41412275","Molecular markers in oral squamous cell carcinoma: Insights into the tumor microenvironment, epigenetic regulation, and intercellular communications","Zhen X, Zhang D, Li D, Fu B, Li K.","Biochim Biophys Acta Rev Cancer. 2026 Feb;1881(1):189516. doi: 10.1016/j.bbcan.2025.189516. Epub 2025 Dec 16.","Zhen X","Biochim Biophys Acta Rev Cancer","2026","2025/12/18","","","10.1016/j.bbcan.2025.189516"
"32337355","The promise of immunotherapy in the treatment of young adults with oral tongue cancer","Nasser H, St John MA.","Laryngoscope Investig Otolaryngol. 2020 Feb 21;5(2):235-242. doi: 10.1002/lio2.366. eCollection 2020 Apr.","Nasser H","Laryngoscope Investig Otolaryngol","2020","2020/04/28","PMC7178456","","10.1002/lio2.366"
"41350795","Research progress on carcinogenic factors and personalized treatment of oral cancer","Xu K, Yang Q, Chen W, Li Z, Wu Y, Ren F, Li X.","Discov Oncol. 2025 Dec 5;17(1):59. doi: 10.1007/s12672-025-04222-3.","Xu K","Discov Oncol","2025","2025/12/05","PMC12796093","","10.1007/s12672-025-04222-3"
"38747806","Acinetobacter baumannii as an oro-dental pathogen: a red alert!!","Girija ASS.","J Appl Oral Sci. 2024 May 13;32:e20230382. doi: 10.1590/1678-7757-2023-0382. eCollection 2024.","Girija ASS","J Appl Oral Sci","2024","2024/05/15","PMC11090480","","10.1590/1678-7757-2023-0382"
"42196929","Prevalence and Etiopathogenic Profile of Oral Squamous Cell Carcinoma in Nonsmokers and Nondrinkers: Expanding Risk Determinants Beyond Tobacco Exposure","Stergiadou E, Louizakis A, Tatsis D, Antoniou A, Poulopoulos K, Poulopoulos A.","Diagnostics (Basel). 2026 May 21;16(10):1563. doi: 10.3390/diagnostics16101563.","Stergiadou E","Diagnostics (Basel)","2026","2026/05/27","PMC13205601","","10.3390/diagnostics16101563"
"41976349","Therapy-Induced Senescence Shapes Extracellular Matrix Niches and Fibroblast Function in Head and Neck Squamous Cell Carcinoma","Montero-Vergara J, Darski PW, Harding AL, Hunter KD.","Cancers (Basel). 2026 Mar 31;18(7):1126. doi: 10.3390/cancers18071126.","Montero-Vergara J","Cancers (Basel)","2026","2026/04/14","PMC13072405","","10.3390/cancers18071126"
"42721688","An Atlas of Specificity Protein 1 in Oral Cancer: Networks, Therapeutics, and Priorities: A Scoping Review and scRNA-seq Analysis","Choi SJ, Swarup N, Hong SD, Porntaveetus T, Cho SD.","Int Dent J. 2026 Sep 10;76(6):111141. doi: 10.1016/j.identj.2026.111141. Online ahead of print.","Choi SJ","Int Dent J","2026","2026/09/10","","","10.1016/j.identj.2026.111141"
"41782786","Molecular Effect of Tobacco on Genetic, Epigenetic, and Metabolic Pathways During Cancer Progression","Kumar U, Jahnavi G, Biswas B, Alam B, Varshney S.","Cureus. 2026 Jan 31;18(1):e102757. doi: 10.7759/cureus.102757. eCollection 2026 Jan.","Kumar U","Cureus","2026","2026/03/05","PMC12954342","","10.7759/cureus.102757"
"40454868","Erythema multiforme as a rare skin manifestation during pembrolizumab treatment: a case report and literature review","Silvi G, Rosi E, Scandagli I, Di Cesare A, Prignano F.","J Chemother. 2026 Sep;38(5):501-505. doi: 10.1080/1120009X.2025.2512264. Epub 2025 Jun 2.","Silvi G","J Chemother","2026","2025/06/02","","","10.1080/1120009X.2025.2512264"
